-- phpMyAdmin SQL Dump
-- version 4.1.6
-- http://www.phpmyadmin.net
--
-- Host: localhost
-- Generation Time: 2015-09-29 10:59:35
-- 服务器版本： 5.6.16
-- PHP Version: 5.5.9

SET SQL_MODE = "NO_AUTO_VALUE_ON_ZERO";
SET time_zone = "+00:00";


/*!40101 SET @OLD_CHARACTER_SET_CLIENT=@@CHARACTER_SET_CLIENT */;
/*!40101 SET @OLD_CHARACTER_SET_RESULTS=@@CHARACTER_SET_RESULTS */;
/*!40101 SET @OLD_COLLATION_CONNECTION=@@COLLATION_CONNECTION */;
/*!40101 SET NAMES utf8 */;

--
-- Database: `code`
--

-- --------------------------------------------------------

--
-- 表的结构 `mx_answer`
--

CREATE TABLE IF NOT EXISTS `mx_answer` (
  `id` int(11) NOT NULL AUTO_INCREMENT,
  `qid` int(10) unsigned NOT NULL,
  `answer` varchar(245) NOT NULL,
  `core` int(11) NOT NULL,
  `cdate` timestamp NULL DEFAULT CURRENT_TIMESTAMP,
  `udate` timestamp NULL DEFAULT CURRENT_TIMESTAMP ON UPDATE CURRENT_TIMESTAMP,
  `is_del` smallint(6) DEFAULT '1',
  PRIMARY KEY (`id`),
  KEY `fk_mx_answer_mx_question1_idx` (`qid`)
) ENGINE=InnoDB  DEFAULT CHARSET=utf8 AUTO_INCREMENT=24 ;

--
-- 转存表中的数据 `mx_answer`
--

INSERT INTO `mx_answer` (`id`, `qid`, `answer`, `core`, `cdate`, `udate`, `is_del`) VALUES
(1, 1, '&lt;18', 0, '2015-09-29 05:37:24', '2015-09-29 05:37:24', 1),
(2, 1, '18-35', 1, '2015-09-29 05:37:24', '2015-09-29 05:37:24', 1),
(3, 1, '36-60', 2, '2015-09-29 05:37:24', '2015-09-29 05:37:24', 1),
(4, 1, '&gt;60', 3, '2015-09-29 05:37:24', '2015-09-29 05:37:24', 1),
(5, 2, '无', 0, '2015-09-29 05:37:24', '2015-09-29 05:37:24', 1),
(6, 2, '少', 2, '2015-09-29 05:37:24', '2015-09-29 05:37:24', 1),
(7, 2, '差', 4, '2015-09-29 05:37:24', '2015-09-29 05:37:24', 1),
(8, 3, '良好', 0, '2015-09-29 05:37:24', '2015-09-29 05:37:24', 1),
(9, 3, '一般', 1, '2015-09-29 05:37:24', '2015-09-29 05:37:24', 1),
(10, 3, '差', 2, '2015-09-29 05:37:24', '2015-09-29 05:37:24', 1),
(11, 3, '很差', 3, '2015-09-29 05:37:24', '2015-09-29 05:37:24', 1),
(12, 4, '无', 0, '2015-09-29 05:37:24', '2015-09-29 05:37:24', 1),
(13, 4, '轻', 1, '2015-09-29 05:37:24', '2015-09-29 05:37:24', 1),
(14, 4, '中', 2, '2015-09-29 05:37:24', '2015-09-29 05:37:24', 1),
(15, 4, '重', 3, '2015-09-29 05:37:24', '2015-09-29 05:41:54', 1),
(16, 5, '37-38℃', 0, '2015-09-29 05:41:54', '2015-09-29 05:41:54', 1),
(17, 5, '&gt;38℃', 3, '2015-09-29 05:41:54', '2015-09-29 05:41:54', 1),
(18, 6, '虹膜炎', 3, '2015-09-29 05:41:54', '2015-09-29 05:41:54', 1),
(19, 6, '结节性红斑', 3, '2015-09-29 05:41:54', '2015-09-29 05:41:54', 1),
(20, 6, '关节炎', 3, '2015-09-29 05:41:54', '2015-09-29 05:41:54', 1),
(21, 7, 'ESR&gt;50 &nbsp;mm/h', 1, '2015-09-29 05:41:54', '2015-09-29 05:41:54', 1),
(22, 7, 'ESR&gt;100 &nbsp;mm/h', 2, '2015-09-29 05:41:54', '2015-09-29 05:41:54', 1),
(23, 7, 'Hb&lt;100 &nbsp;g/L', 0, '2015-09-29 05:41:54', '2015-09-29 05:41:54', 1);

-- --------------------------------------------------------

--
-- 表的结构 `mx_cdai`
--

CREATE TABLE IF NOT EXISTS `mx_cdai` (
  `id` int(10) unsigned NOT NULL AUTO_INCREMENT,
  `high` float DEFAULT NULL,
  `weight` float DEFAULT NULL,
  `sex` tinyint(4) DEFAULT NULL,
  `cdate` timestamp NULL DEFAULT CURRENT_TIMESTAMP,
  `udate` timestamp NULL DEFAULT CURRENT_TIMESTAMP ON UPDATE CURRENT_TIMESTAMP,
  `is_del` tinyint(4) DEFAULT '1' COMMENT 'the table is for CDAI',
  PRIMARY KEY (`id`)
) ENGINE=InnoDB  DEFAULT CHARSET=utf8 AUTO_INCREMENT=59 ;

--
-- 转存表中的数据 `mx_cdai`
--

INSERT INTO `mx_cdai` (`id`, `high`, `weight`, `sex`, `cdate`, `udate`, `is_del`) VALUES
(1, 157.5, 61.7, 1, '2015-09-24 01:08:55', '2015-09-24 01:08:55', 1),
(2, 158.8, 62.1, 1, '2015-09-24 01:13:41', '2015-09-24 01:13:41', 1),
(3, 160, 62.6, 1, '2015-09-24 01:13:41', '2015-09-24 01:13:41', 1),
(4, 161.3, 63, 1, '2015-09-24 01:13:41', '2015-09-24 01:13:41', 1),
(5, 162.6, 63.5, 1, '2015-09-24 01:13:41', '2015-09-24 01:13:41', 1),
(6, 163.8, 64.1, 1, '2015-09-24 01:13:41', '2015-09-24 01:13:41', 1),
(7, 165.1, 64.6, 1, '2015-09-24 01:13:41', '2015-09-24 01:13:41', 1),
(8, 166.4, 65.2, 1, '2015-09-24 01:13:41', '2015-09-24 01:13:41', 1),
(9, 167.6, 65.8, 1, '2015-09-24 01:13:41', '2015-09-24 01:13:41', 1),
(10, 168.9, 66.4, 1, '2015-09-24 01:13:41', '2015-09-24 01:13:41', 1),
(11, 170.2, 67.1, 1, '2015-09-24 01:13:41', '2015-09-24 01:13:41', 1),
(12, 171.5, 67.8, 1, '2015-09-24 01:13:41', '2015-09-24 01:13:41', 1),
(13, 172.7, 68.5, 1, '2015-09-24 01:13:41', '2015-09-24 01:18:19', 1),
(14, 174, 69.2, 1, '2015-09-24 01:18:19', '2015-09-24 01:18:19', 1),
(15, 175.3, 69.8, 1, '2015-09-24 01:18:19', '2015-09-24 01:18:19', 1),
(16, 176.5, 70.5, 1, '2015-09-24 01:18:19', '2015-09-24 01:18:19', 1),
(17, 177.8, 71.2, 1, '2015-09-24 01:18:19', '2015-09-24 01:18:19', 1),
(18, 179.1, 71.9, 1, '2015-09-24 01:18:19', '2015-09-24 01:18:19', 1),
(19, 180.3, 72.6, 1, '2015-09-24 01:18:19', '2015-09-24 01:18:19', 1),
(20, 181.6, 73.4, 1, '2015-09-24 01:18:19', '2015-09-24 01:18:19', 1),
(21, 182.9, 74.1, 1, '2015-09-24 01:18:19', '2015-09-24 01:18:19', 1),
(22, 184.2, 75, 1, '2015-09-24 01:18:19', '2015-09-24 01:18:19', 1),
(23, 185.4, 75.7, 1, '2015-09-24 01:18:19', '2015-09-24 01:18:19', 1),
(24, 186.7, 76.6, 1, '2015-09-24 01:18:19', '2015-09-24 01:18:19', 1),
(25, 188, 77.5, 1, '2015-09-24 01:18:19', '2015-09-24 01:18:19', 1),
(26, 189.2, 78.4, 1, '2015-09-24 01:18:19', '2015-09-24 01:18:19', 1),
(27, 190.5, 79.1, 1, '2015-09-24 01:18:19', '2015-09-24 01:18:19', 1),
(28, 191.8, 80.2, 1, '2015-09-24 01:18:19', '2015-09-24 01:18:19', 1),
(29, 193, 81.2, 1, '2015-09-24 01:18:19', '2015-09-24 01:29:02', 1),
(30, 147.3, 52.2, 2, '2015-09-24 01:29:02', '2015-09-24 01:29:02', 1),
(31, 148.6, 52.6, 2, '2015-09-24 01:29:02', '2015-09-24 01:29:02', 1),
(32, 149.9, 53.1, 2, '2015-09-24 01:29:02', '2015-09-24 01:29:02', 1),
(33, 151.1, 53.6, 2, '2015-09-24 01:29:02', '2015-09-24 01:29:02', 1),
(34, 152.4, 54.2, 2, '2015-09-24 01:29:02', '2015-09-24 01:29:02', 1),
(35, 153.7, 54.8, 2, '2015-09-24 01:29:02', '2015-09-24 01:29:02', 1),
(36, 154.9, 55.3, 2, '2015-09-24 01:29:02', '2015-09-24 01:29:02', 1),
(37, 156.2, 56, 2, '2015-09-24 01:29:02', '2015-09-24 01:29:02', 1),
(38, 157.5, 56.7, 2, '2015-09-24 01:29:02', '2015-09-24 01:29:02', 1),
(39, 158.8, 57.4, 2, '2015-09-24 01:29:02', '2015-09-24 01:29:02', 1),
(40, 160, 58, 2, '2015-09-24 01:29:02', '2015-09-24 01:29:02', 1),
(41, 161.3, 58.7, 2, '2015-09-24 01:29:02', '2015-09-24 01:29:02', 1),
(42, 162.6, 59.4, 2, '2015-09-24 01:29:02', '2015-09-24 01:29:02', 1),
(43, 163.8, 60.1, 2, '2015-09-24 01:29:02', '2015-09-24 01:29:02', 1),
(44, 165.1, 60.8, 2, '2015-09-24 01:29:02', '2015-09-24 01:29:02', 1),
(45, 166.4, 61.4, 2, '2015-09-24 01:29:02', '2015-09-24 01:29:02', 1),
(46, 167.6, 62.1, 2, '2015-09-24 01:29:02', '2015-09-24 01:29:02', 1),
(47, 168.9, 62.8, 2, '2015-09-24 01:29:02', '2015-09-24 01:29:02', 1),
(48, 170.2, 63.5, 2, '2015-09-24 01:29:02', '2015-09-24 01:29:02', 1),
(49, 171.5, 64.2, 2, '2015-09-24 01:29:02', '2015-09-24 01:29:02', 1),
(50, 172.7, 64.9, 2, '2015-09-24 01:29:02', '2015-09-24 01:29:02', 1),
(51, 174, 65.5, 2, '2015-09-24 01:29:02', '2015-09-24 01:29:02', 1),
(52, 175.3, 66.2, 2, '2015-09-24 01:29:02', '2015-09-24 01:29:02', 1),
(53, 176.5, 66.9, 2, '2015-09-24 01:29:02', '2015-09-24 01:29:02', 1),
(54, 177.8, 67.6, 2, '2015-09-24 01:29:02', '2015-09-24 01:29:02', 1),
(55, 179.1, 68.3, 2, '2015-09-24 01:29:02', '2015-09-24 01:29:02', 1),
(56, 180.3, 68.9, 2, '2015-09-24 01:29:02', '2015-09-24 01:29:02', 1),
(57, 181.6, 69.6, 2, '2015-09-24 01:29:02', '2015-09-24 01:29:02', 1),
(58, 182.9, 70.3, 2, '2015-09-24 01:29:02', '2015-09-24 01:29:02', 1);

-- --------------------------------------------------------

--
-- 表的结构 `mx_customer`
--

CREATE TABLE IF NOT EXISTS `mx_customer` (
  `id` int(10) unsigned NOT NULL AUTO_INCREMENT COMMENT 'It is customer information,built by Mr yu2015-9-24',
  `name` varchar(15) NOT NULL COMMENT 'customer name',
  `sex` smallint(6) NOT NULL,
  `hospital_id` varchar(20) NOT NULL,
  `phone` varchar(20) NOT NULL,
  `height` float DEFAULT NULL,
  `near_height` float DEFAULT NULL,
  `cdate` timestamp NULL DEFAULT CURRENT_TIMESTAMP,
  `udate` timestamp NULL DEFAULT CURRENT_TIMESTAMP ON UPDATE CURRENT_TIMESTAMP,
  `is_del` smallint(6) DEFAULT '1',
  PRIMARY KEY (`id`)
) ENGINE=InnoDB  DEFAULT CHARSET=utf8 AUTO_INCREMENT=100072 ;

--
-- 转存表中的数据 `mx_customer`
--

INSERT INTO `mx_customer` (`id`, `name`, `sex`, `hospital_id`, `phone`, `height`, `near_height`, `cdate`, `udate`, `is_del`) VALUES
(100061, '张大明', 1, '00058', '13612304569', 157.6, 157.5, '2015-09-24 08:52:37', '2015-09-24 08:58:15', 1),
(100062, '王晓张', 1, '00085', '15926103225', 171.4, 171.5, '2015-09-25 08:57:51', '2015-09-25 08:57:51', 1),
(100063, '艾美丽', 2, '452001', '13876202044', 171.5, 171.5, '2015-09-25 08:57:51', '2015-09-28 01:06:55', 1),
(100071, '测试008', 0, '001225', '13896602123', NULL, NULL, '2015-09-29 06:59:39', '2015-09-29 07:57:51', 1);

-- --------------------------------------------------------

--
-- 表的结构 `mx_question`
--

CREATE TABLE IF NOT EXISTS `mx_question` (
  `id` int(10) unsigned NOT NULL AUTO_INCREMENT,
  `title` varchar(245) NOT NULL,
  `type` smallint(6) DEFAULT NULL,
  `cdate` timestamp NULL DEFAULT CURRENT_TIMESTAMP,
  `udate` timestamp NULL DEFAULT CURRENT_TIMESTAMP ON UPDATE CURRENT_TIMESTAMP,
  `is_del` smallint(6) DEFAULT '1',
  PRIMARY KEY (`id`)
) ENGINE=InnoDB  DEFAULT CHARSET=utf8 AUTO_INCREMENT=8 ;

--
-- 转存表中的数据 `mx_question`
--

INSERT INTO `mx_question` (`id`, `title`, `type`, `cdate`, `udate`, `is_del`) VALUES
(1, '每周大便次数', 1, '2015-09-29 03:35:59', '2015-09-29 05:32:16', 1),
(2, '大便带血（平均每周观察结果）', 1, '2015-09-29 03:35:59', '2015-09-29 05:32:16', 1),
(3, '症状综合评估', 1, '2015-09-29 03:35:59', '2015-09-29 05:32:16', 1),
(4, '腹痛/绞痛', 1, '2015-09-29 03:35:59', '2015-09-29 05:32:16', 1),
(5, '结肠炎所致发热', 1, '2015-09-29 03:35:59', '2015-09-29 05:32:16', 1),
(6, '肠外表现', 1, '2015-09-29 03:35:59', '2015-09-29 05:32:16', 1),
(7, '实验室检查', 1, '2015-09-29 03:36:53', '2015-09-29 05:32:16', 1);

-- --------------------------------------------------------

--
-- 表的结构 `mx_ucai`
--

CREATE TABLE IF NOT EXISTS `mx_ucai` (
  `id` int(11) NOT NULL AUTO_INCREMENT,
  `cdate` timestamp NULL DEFAULT CURRENT_TIMESTAMP,
  `udate` timestamp NULL DEFAULT CURRENT_TIMESTAMP ON UPDATE CURRENT_TIMESTAMP,
  `is_del` smallint(6) DEFAULT '1',
  `uid` int(10) unsigned NOT NULL,
  `ucai1` smallint(6) DEFAULT NULL,
  `ucai2` smallint(6) DEFAULT NULL,
  `ucai3` smallint(6) DEFAULT NULL,
  `ucai4` smallint(6) DEFAULT NULL,
  `ucai5` smallint(6) DEFAULT NULL,
  `ucai6` smallint(6) DEFAULT NULL,
  `ucai7` smallint(6) DEFAULT NULL,
  `total` int(11) DEFAULT NULL,
  PRIMARY KEY (`id`)
) ENGINE=InnoDB  DEFAULT CHARSET=utf8 AUTO_INCREMENT=2 ;

--
-- 转存表中的数据 `mx_ucai`
--

INSERT INTO `mx_ucai` (`id`, `cdate`, `udate`, `is_del`, `uid`, `ucai1`, `ucai2`, `ucai3`, `ucai4`, `ucai5`, `ucai6`, `ucai7`, `total`) VALUES
(1, '2015-09-29 07:37:59', '2015-09-29 07:37:59', 1, 100071, 2, 2, 0, 0, 0, 3, 2, 9);

-- --------------------------------------------------------

--
-- 表的结构 `mx_weight`
--

CREATE TABLE IF NOT EXISTS `mx_weight` (
  `id` int(10) unsigned NOT NULL AUTO_INCREMENT,
  `uid` int(10) unsigned NOT NULL,
  `weight` float NOT NULL,
  `cdate` timestamp NULL DEFAULT CURRENT_TIMESTAMP,
  `udate` timestamp NULL DEFAULT CURRENT_TIMESTAMP ON UPDATE CURRENT_TIMESTAMP,
  `is_del` smallint(6) DEFAULT '1',
  PRIMARY KEY (`id`),
  KEY `fk_mx_weight_mx_customer_idx` (`uid`)
) ENGINE=InnoDB  DEFAULT CHARSET=utf8 AUTO_INCREMENT=32 ;

--
-- 转存表中的数据 `mx_weight`
--

INSERT INTO `mx_weight` (`id`, `uid`, `weight`, `cdate`, `udate`, `is_del`) VALUES
(1, 100061, 58.9, '2015-09-24 09:01:06', '2015-09-24 09:01:06', 1),
(2, 100061, 60.6, '2015-09-24 09:01:06', '2015-09-24 09:01:06', 1),
(3, 100061, 57.6, '2015-09-24 09:01:06', '2015-09-24 09:01:06', 1),
(4, 100061, 63, '2015-09-24 09:01:06', '2015-09-24 09:01:06', 1),
(5, 100061, 63, '2015-09-24 09:01:06', '2015-09-24 09:01:06', 1),
(6, 100061, 61, '2015-09-24 09:01:06', '2015-09-24 09:01:06', 1),
(7, 100061, 62.5, '2015-09-24 09:01:06', '2015-09-24 09:01:06', 1),
(8, 100061, 60.8, '2015-09-24 09:01:06', '2015-09-24 09:01:06', 1),
(9, 100061, 61.2, '2015-09-24 09:01:06', '2015-09-24 09:01:06', 1),
(10, 100062, 68, '2015-09-27 05:50:35', '2015-09-27 05:50:35', 1),
(11, 100062, 68.3, '2015-09-27 05:50:35', '2015-09-27 05:50:35', 1),
(12, 100062, 67.4, '2015-09-27 05:50:35', '2015-09-27 05:50:35', 1),
(13, 100062, 69, '2015-09-27 05:50:35', '2015-09-27 05:50:35', 1),
(14, 100062, 69.7, '2015-09-27 05:50:35', '2015-09-27 05:50:35', 1),
(15, 100062, 70, '2015-09-27 05:50:35', '2015-09-27 05:50:35', 1),
(16, 100062, 68.4, '2015-09-27 05:50:35', '2015-09-27 05:50:35', 1),
(17, 100062, 68.9, '2015-09-27 05:50:35', '2015-09-27 05:50:35', 1),
(18, 100062, 68.8, '2015-09-27 05:50:35', '2015-09-27 05:50:35', 1),
(19, 100062, 67.9, '2015-09-27 05:50:35', '2015-09-27 05:50:35', 1),
(20, 100063, 48, '2015-09-27 05:52:31', '2015-09-27 05:52:31', 1),
(21, 100063, 48.6, '2015-09-27 05:52:31', '2015-09-27 05:52:31', 1),
(22, 100063, 47, '2015-09-27 05:52:31', '2015-09-27 05:52:31', 1),
(23, 100063, 47.5, '2015-09-27 05:52:31', '2015-09-27 05:52:31', 1),
(24, 100063, 48.5, '2015-09-27 05:52:31', '2015-09-27 05:52:31', 1),
(25, 100063, 48.9, '2015-09-27 05:52:31', '2015-09-27 05:52:31', 1),
(26, 100063, 50, '2015-09-27 05:52:31', '2015-09-27 05:52:31', 1),
(27, 100063, 49.5, '2015-09-27 05:52:31', '2015-09-27 05:52:31', 1),
(28, 100063, 49.1, '2015-09-27 05:52:31', '2015-09-27 05:52:31', 1),
(29, 100063, 47, '2015-09-27 05:52:31', '2015-09-27 05:52:31', 1),
(30, 100063, 47.5, '2015-09-27 05:52:31', '2015-09-27 05:52:31', 1),
(31, 100063, 48, '2015-09-27 06:20:49', '2015-09-27 06:20:49', 1);

--
-- 限制导出的表
--

--
-- 限制表 `mx_answer`
--
ALTER TABLE `mx_answer`
  ADD CONSTRAINT `fk_mx_answer_mx_question1` FOREIGN KEY (`qid`) REFERENCES `mx_question` (`id`) ON DELETE NO ACTION ON UPDATE NO ACTION;

--
-- 限制表 `mx_weight`
--
ALTER TABLE `mx_weight`
  ADD CONSTRAINT `fk_mx_weight_mx_customer` FOREIGN KEY (`uid`) REFERENCES `mx_customer` (`id`) ON DELETE NO ACTION ON UPDATE NO ACTION;

/*!40101 SET CHARACTER_SET_CLIENT=@OLD_CHARACTER_SET_CLIENT */;
/*!40101 SET CHARACTER_SET_RESULTS=@OLD_CHARACTER_SET_RESULTS */;
/*!40101 SET COLLATION_CONNECTION=@OLD_COLLATION_CONNECTION */;
